Workbook

Sheet Productie
A1: Oogstdatum | B1: Oogstjaar | C1: Perceel | D1: Ras | E1: Tonnen | F1: Koeling of | G1: Datum laatste bespuiting | H1: Middel en dosering/ha | I1: Veiligheidstermijn (dgn.) | J1: Opmerkingen
A2: 42975 | B2: 2017 | C2: 3 | D2: Elstar | E2: 2.1 | F2: Afgezet | G2: 42958 | H2: Bellis 0,8 kg/ha | I2: 7
A3: 42976 | B3: 2017 | C3: 3 | D3: Elstar | E3: 4.8 | F3: Afgezet | G3: 42958 | H3: Bellis 0,8 kg/ha | I3: 7
A4: 42977 | B4: 2017 | C4: 3 | D4: Elstar | E4: 4.8 | F4: Afgezet | G4: 42958 | H4: Bellis 0,8 kg/ha | I4: 7
A5: 42978 | B5: 2017 | C5: 3 | D5: Elstar | E5: 4.2 | F5: Afgezet | G5: 42958 | H5: Bellis 0,8 kg/ha | I5: 7
A6: 42980 | B6: 2017 | C6: 2b | D6: Elstar | E6: 1.8 | F6: Koeling | G6: 42958 | H6: Bellis 0,8 kg/ha | I6: 7
A7: 42984 | B7: 2017 | C7: 2b | D7: Elstar | E7: 4.5 | F7: Koeling | G7: 42958 | H7: Bellis 0,8 kg/ha | I7: 7
A8: 42985 | B8: 2017 | C8: 2b | D8: Elstar | E8: 2.7 | F8: Koeling | G8: 42958 | H8: Bellis 0,8 kg/ha | I8: 7
A9: 42985 | B9: 2017 | C9: 3 | D9: Elstar | E9: 3 | F9: Koeling | G9: 42958 | H9: Bellis 0,8 kg/ha | I9: 7
A10: 42987 | B10: 2017 | C10: 2b | D10: Golden | E10: 3.6 | F10: Koeling | G10: 42958 | H10: Bellis 0,8 kg/ha | I10: 7
A11: 42988 | B11: 2017 | C11: 2b | D11: Golden | E11: 1.2 | F11: Koeling | G11: 42958 | H11: Bellis 0,8 kg/ha | I11: 7
A12: 42988 | B12: 2017 | C12: 2a | D12: Golden | E12: 2.4 | F12: Koeling | G12: 42976 | H12: Bellis 0,8 kg/ha | I12: 7
A13: 42989 | B13: 2017 | C13: 3 | D13: Elstar | E13: 9.6 | F13: Koeling | G13: 42958 | H13: Bellis 0,8 kg/ha | I13: 7
A14: 42990 | B14: 2017 | C14: 3 | D14: Elstar | E14: 12 | F14: Koeling | G14: 42958 | H14: Bellis 0,8 kg/ha | I14: 7
A15: 42991 | B15: 2017 | C15: 3 | D15: Elstar | E15: 9.3 | F15: Koeling | G15: 42958 | H15: Bellis 0,8 kg/ha | I15: 7
A16: 42991 | B16: 2017 | C16: 2a | D16: Golden | E16: 1.2 | F16: Koeling | G16: 42976 | H16: Bellis 0,8 kg/ha | I16: 7
A17: 42992 | B17: 2017 | C17: 2c | D17: Golden | E17: 5.1 | F17: Koeling | G17: 42970 | H17: Captan 1,0 kg/ha | I17: 21
A18: 42992 | B18: 2017 | C18: 2a | D18: Golden | E18: 3.9 | F18: Koeling | G18: 42976 | H18: Bellis 0,8 kg/ha | I18: 7
A19: 42993 | B19: 2017 | C19: 6 | D19: Golden | E19: 10.2 | F19: Koeling | G19: 42981 | H19: Bellis 0,8 kg/ha | I19: 7
A20: 42994 | B20: 2017 | C20: 5 | D20: Golden | E20: 5.7 | F20: Koeling | G20: 42970 | H20: Captan 1,0 kg/ha | I20: 21
A21: 42995 | B21: 2017 | C21: 3 | D21: Elstar | E21: 3.3 | F21: Koeling | G21: 42958 | H21: Bellis 0,8 kg/ha | I21: 7
A22: 42995 | B22: 2017 | C22: 2ab,3,5,6 | D22: Kroet | E22: 0.9 | F22: Afgezet | G22: 42976 | H22: Bellis 0,8 kg/ha | I22: 7
A23: 42996 | B23: 2017 | C23: 4 | D23: Joly-Red | E23: 20.4 | F23: Koeling | G23: 42981 | H23: Bellis 0,8 kg/ha | I23: 7
A24: 42997 | B24: 2017 | C24: 4 | D24: Joly-Red | E24: 6.9 | F24: Koeling | G24: 42981 | H24: Bellis 0,8 kg/ha | I24: 7
A25: 42997 | B25: 2017 | C25: 4 | D25: Golden | E25: 1.5 | F25: Koeling | G25: 42981 | H25: Bellis 0,8 kg/ha | I25: 7
A26: 42997 | B26: 2017 | C26: 2b | D26: Elstar | E26: 4.8 | F26: Koeling | G26: 42958 | H26: Bellis 0,8 kg/ha | I26: 7
A27: 42998 | B27: 2017 | C27: 2b | D27: Elstar | E27: 11.1 | F27: Koeling | G27: 42958 | H27: Bellis 0,8 kg/ha | I27: 7
A28: 42998 | B28: 2017 | C28: 2a | D28: Golden | E28: 3.6 | F28: Koeling | G28: 42976 | H28: Bellis 0,8 kg/ha | I28: 7
A29: 42999 | B29: 2017 | C29: 2b | D29: Elstar | E29: 3 | F29: Koeling | G29: 42958 | H29: Bellis 0,8 kg/ha | I29: 7
A30: 42999 | B30: 2017 | C30: 2a | D30: Golden | E30: 12 | F30: Koeling | G30: 42976 | H30: Bellis 0,8 kg/ha | I30: 7
A31: 43000 | B31: 2017 | C31: 2a | D31: Golden | E31: 13.5 | F31: Koeling | G31: 42976 | H31: Bellis 0,8 kg/ha | I31: 7
A32: 43001 | B32: 2017 | C32: 2a | D32: Golden | E32: 8.7 | F32: Koeling | G32: 42976 | H32: Bellis 0,8 kg/ha | I32: 7
A33: 43001 | B33: 2017 | C33: 2ab,4 | D33: Kroet | E33: 1.8 | F33: Afgezet | G33: 42976 | H33: Bellis 0,8 kg/ha | I33: 7
A34: 43002 | B34: 2017 | C34: 2a | D34: Golden | E34: 5.4 | F34: Koeling | G34: 42976 | H34: Bellis 0,8 kg/ha | I34: 7
A35: 43003 | B35: 2017 | C35: 2a | D35: Golden | E35: 13.2 | F35: Koeling | G35: 42976 | H35: Bellis 0,8 kg/ha | I35: 7
A36: 43003 | B36: 2017 | C36: 6 | D36: Joly-Red | E36: 1.2 | F36: Koeling | G36: 42981 | H36: Bellis 0,8 kg/ha | I36: 7
A37: 43004 | B37: 2017 | C37: 2a | D37: Golden | E37: 1.2 | F37: Koeling | G37: 42976 | H37: Bellis 0,8 kg/ha | I37: 7
A38: 43004 | B38: 2017 | C38: 5 | D38: Golden | E38: 2.1 | F38: Koeling | G38: 42970 | H38: Captan 1,0 kg/ha | I38: 21
A39: 43004 | B39: 2017 | C39: 6 | D39: Joly-Red | E39: 15.6 | F39: Koeling | G39: 42981 | H39: Bellis 0,8 kg/ha | I39: 7
A40: 43005 | B40: 2017 | C40: 6 | D40: Joly-Red | E40: 21 | F40: Koeling | G40: 42981 | H40: Bellis 0,8 kg/ha | I40: 7
A41: 43006 | B41: 2017 | C41: 6 | D41: Joly-Red | E41: 26.1 | F41: Koeling | G41: 42981 | H41: Bellis 0,8 kg/ha | I41: 7
A42: 43007 | B42: 2017 | C42: 6 | D42: Joly-Red | E42: 5.1 | F42: Koeling | G42: 42981 | H42: Bellis 0,8 kg/ha | I42: 7
A43: 43007 | B43: 2017 | C43: 4 | D43: Joly-Red | E43: 8.7 | F43: Koeling | G43: 42981 | H43: Bellis 0,8 kg/ha | I43: 7
A44: 43007 | B44: 2017 | C44: 4 en 6 | D44: Kroet | E44: 4.5 | F44: Afgezet | G44: 42981 | H44: Bellis 0,8 kg/ha | I44: 7
A45: 43010 | B45: 2017 | C45: 2c | D45: Junami | E45: 8.4 | F45: Koeling | G45: 42970 | H45: Captan 1,0 kg/ha | I45: 21
A46: 43011 | B46: 2017 | C46: 2c | D46: Junami | E46: 9.9 | F46: Koeling | G46: 42970 | H46: Captan 1,0 kg/ha | I46: 21
A47: 43012 | B47: 2017 | C47: 2c | D47: Junami | E47: 4.2 | F47: Koeling | G47: 42970 | H47: Captan 1,0 kg/ha | I47: 21
A48: 43014 | B48: 2017 | C48: 2c | D48: Junami | E48: 1.8 | F48: Koeling | G48: 42970 | H48: Captan 1,0 kg/ha | I48: 21
A49: 43014 | B49: 2017 | C49: 2c | D49: Kroet | E49: 0.3 | F49: Afgezet | G49: 42970 | H49: Captan 1,0 kg/ha | I49: 21
A50: 43017 | B50: 2017 | C50: 5 | D50: Junami | E50: 10.5 | F50: Koeling | G50: 42970 | H50: Captan 1,0 kg/ha | I50: 21
A51: 43018 | B51: 2017 | C51: 5 | D51: Junami | E51: 9.3 | F51: Koeling | G51: 42970 | H51: Captan 1,0 kg/ha | I51: 21
A52: 42632 | B52: 2016 | C52: 2b | D52: elstar | E52: 12.3 | F52: koeling | G52: 42598 | H52: Bellis 0,8 kg | I52: 7
A53: 42633 | B53: 2016 | C53: 2b | D53: elstar | E53: 14.4 | F53: koeling | G53: 42598 | H53: Bellis 0,8 kg | I53: 7
A54: 42634 | B54: 2016 | C54: 2b | D54: elstar | E54: 5.4 | F54: koeling | G54: 42598 | H54: Bellis 0,8 kg | I54: 7
A55: 42634 | B55: 2016 | C55: 2a | D55: golden | E55: 12.6 | F55: koeling | G55: 42624 | H55: Switch 0,8 kg | I55: 7
A56: 42635 | B56: 2016 | C56: 2b | D56: elstar | E56: 1.5 | F56: koeling | G56: 42598 | H56: Bellis 0,8 kg | I56: 7
A57: 42635 | B57: 2016 | C57: 2a | D57: golden | E57: 17.4 | F57: koeling | G57: 42624 | H57: Switch 0,8 kg | I57: 7
A58: 42636 | B58: 2016 | C58: 2a | D58: golden | E58: 17.7 | F58: koeling | G58: 42624 | H58: Switch 0,8 kg | I58: 7
A59: 42637 | B59: 2016 | C59: 2a | D59: golden | E59: 7.2 | F59: koeling | G59: 42624 | H59: Switch 0,8 kg | I59: 7
A60: 42638 | B60: 2016 | C60: 2a | D60: golden | E60: 2.7 | F60: koeling | G60: 42624 | H60: Switch 0,8 kg | I60: 7
A61: 42639 | B61: 2016 | C61: 2a | D61: golden | E61: 9.3 | F61: koeling | G61: 42624 | H61: Switch 0,8 kg | I61: 7
A62: 42640 | B62: 2016 | C62: 2a | D62: golden | E62: 5.1 | F62: koeling | G62: 42624 | H62: Switch 0,8 kg | I62: 7
A63: 42641 | B63: 2016 | C63: 2a | D63: golden | E63: 6 | F63: koeling | G63: 42624 | H63: Switch 0,8 kg | I63: 7
... A66: 42644 | B66: 2016 | C66: 2a-b | D66: kroet | E66: 22.2 | F66: afgezet | G66: 42598 | H66: Bellis 0,8 kg | I66: 7
A67: 42646 | B67: 2016 | C67: 6 | D67: Joly-red | E67: 10.8 | F67: koeling | G67: 42624 | H67: Switch 0,8 kg | I67: 7
A68: 42647 | B68: 2016 | C68: 6 | D68: Joly-red | E68: 8.4 | F68: koeling | G68: 42624 | H68: Switch 0,8 kg | I68: 7
A69: 42648 | B69: 2016 | C69: 4 | D69: Joly-red | E69: 14.4 | F69: koeling | G69: 42624 | H69: Switch 0,8 kg | I69: 7
A70: 42649 | B70: 2016 | C70: 4 | D70: Joly-red | E70: 6 | F70: koeling | G70: 42624 | H70: Switch 0,8 kg | I70: 7
A71: 42650 | B71: 2016 | C71: 4 | D71: Joly-red | E71: 2.4 | F71: koeling | G71: 42624 | H71: Switch 0,8 kg | I71: 7
A72: 42651 | B72: 2016 | C72: 4 – 6 | D72: kroet | E72: 12.3 | F72: afgezet | G72: 42624 | H72: Switch 0,8 kg | I72: 7
A73: 42651 | B73: 2016 | C73: 5 | D73: junami | E73: 4.2 | F73: koeling | G73: 42643 | H73: Switch 0,8 kg | I73: 7
A74: 42653 | B74: 2016 | C74: 5 | D74: junami | E74: 9.6 | F74: koeling | G74: 42643 | H74: Switch 0,8 kg | I74: 7
A75: 42654 | B75: 2016 | C75: 5 | D75: junami | E75: 11.4 | F75: koeling | G75: 42643 | H75: Switch 0,8 kg | I75: 7
A76: 42655 | B76: 2016 | C76: 5 | D76: junami | E76: 12 | F76: koeling | G76: 42643 | H76: Switch 0,8 kg | I76: 7
A77: 42656 | B77: 2016 | C77: 5 | D77: junami | E77: 10.2 | F77: koeling | G77: 42643 | H77: Switch 0,8 kg | I77: 7
A78: 42656 | B78: 2016 | C78: 6 | D78: Joly-red | E78: 4.8 | F78: koeling | G78: 42624 | H78: Switch 0,8 kg | I78: 7
A79: 42657 | B79: 2016 | C79: 6 | D79: Joly-red | E79: 10.2 | F79: koeling | G79: 42624 | H79: Switch 0,8 kg | I79: 7
A80: 42657 | B80: 2016 | C80: 5 | D80: junami | E80: 3 | F80: koeling | G80: 42643 | H80: Switch 0,8 kg | I80: 7
A81: 42658 | B81: 2016 | C81: 4 | D81: Joly-red | E81: 6 | F81: koeling | G81: 42624 | H81: Switch 0,8 kg | I81: 7
A82: 42658 | B82: 2016 | C82: 4a-5-6 | D82: kroet | E82: 3.9 | F82: afgezet | G82: 42643 | H82: Switch 0,8 kg | I82: 7 | J82: 4a verhageld/23-06
A83: 42660 | B83: 2016 | C83: 4 | D83: Joly-red | E83: 10.5 | F83: koeling | G83: 42624 | H83: Switch 0,8 kg | I83: 7
A84: 42660 | B84: 2016 | C84: 2c | D84: junami | E84: 2.4 | F84: koeling | G84: 42643 | H84: Switch 0,8 kg | I84: 7
A85: 42661 | B85: 2016 | C85: 2c | D85: junami | E85: 18.6 | F85: koeling | G85: 42643 | H85: Switch 0,8 kg | I85: 7
A86: 42662 | B86: 2016 | C86: 2c | D86: junami | E86: 12.6 | F86: koeling | G86: 42643 | H86: Switch 0,8 kg | I86: 7
A87: 42663 | B87: 2016 | C87: 2c | D87: junami | E87: 12.9 | F87: koeling | G87: 42643 | H87: Switch 0,8 kg | I87: 7
A88: 42664 | B88: 2016 | C88: 2c | D88: junami | E88: 4.2 | F88: koeling | G88: 42643 | H88: Switch 0,8 kg | I88: 7
A89: 42665 | B89: 2016 | C89: 2c | D89: junami | E89: 5.4 | F89: koeling | G89: 42643 | H89: Switch 0,8 kg | I89: 7
A90: 42665 | B90: 2016 | C90: 4a-2c | D90: kroet | E90: 11.7 | F90: afgezet | G90: 42643 | H90: Switch 0,8 kg | I90: 7 | J90: 4a verhageld/23-06
A91: 42667 | B91: 2016 | C91: 2c | D91: junami | E91: 6 | F91: koeling | G91: 42643 | H91: Switch 0,8 kg | I91: 7
A92: 42668 | B92: 2016 | C92: 5 | D92: junami | E92: 15.6 | F92: koeling | G92: 42643 | H92: Switch 0,8 kg | I92: 7
A93: 42669 | B93: 2016 | C93: 5 | D93: junami | E93: 12.9 | F93: koeling | G93: 42643 | H93: Switch 0,8 kg | I93: 7
A94: 42670 | B94: 2016 | C94: 5 | D94: junami | E94: 12.9 | F94: koeling | G94: 42643 | H94: Switch 0,8 kg | I94: 7
A95: 42671 | B95: 2016 | C95: 3 | D95: kroet | E95: 22.8 | F95: afgezet | G95: 42549 | H95: Captan 1,5 | I95: 21 | J95: 3 verhageld/23-06
A96: 42672 | B96: 2016 | C96: 2c-5 | D96: junami | E96: 6.3 | F96: koeling | G96: 42643 | H96: Switch 0,8 kg | I96: 7 | J96: 3 verhageld/23-06
A97: 42674 | B97: 2016 | C97: 3 | D97: kroet | E97: 16.8 | F97: afgezet | G97: 42549 | H97: Captan 1,5 | I97: 21 | J97: 3 verhageld/23-06
A98: 42675 | B98: 2016 | C98: 3 | D98: kroet | E98: 16.2 | F98: afgezet | G98: 42549 | H98: Captan 1,5 | I98: 21 | J98: 3 verhageld/23-06
A99: 42676 | B99: 2016 | C99: 3 | D99: kroet | E99: 13.2 | F99: afgezet | G99: 42549 | H99: Captan 1,5 | I99: 21 | J99: 3 verhageld/23-06
A100: 42677 | B100: 2016 | C100: 3 | D100: kroet | E100: 13.8 | F100: afgezet | G100: 42549 | H100: Captan 1,5 | I100: 21 | J100: 3 verhageld/23-06
A101: 42247 | B101: 2015 | C101: 1 | D101: Zari | E101: 3 | F101: afgezet | G101: 42207 | H101: 1,5kg captan w7 | I101: 28
A102: 42250 | B102: 2015 | C102: 3 | D102: Elstar | E102: 4.2 | F102: afgezet | G102: 42230 | H102: 0,6kg captan w6 | I102: 7
...

Sheet Afrekeningsoverzicht
A1: Categorie | B1: Subcategorie | C1: Rekening | D1: Omschrijving | E1: Boekjaar | F1: Bedrag | G1: OOP Breaburn | H1: OOP Delcorf | I1: OOP Elstar | J1: OOP Golden | K1: OOP Joly-Red | L1: OOP Jonagold | M1: OOP Jonagored | N1: OOP Junami | O1: OOP kroet/industrie appels | P1: OOP Milwa | Q1: Bedrag Genormaliseerd
A2: Aanvoer | B2: Opbrengsten | C2: Omzet | D2: Productomzet | E2: 2010 | F2: -191777.99 | Q2: =IF(F2<0,F2*-1,F2) -> 191777.99
A3: Aanvoer | B3: Balans | C3: Fust | D3: Fust eenmalig | E3: 2010 | F3: -6914.37 | Q3: =IF(F3<0,F3*-1,F3) -> 6914.37
A4: Aanvoer | B4: Balans | C4: Fust | D4: Fust meermalig | E4: 2010 | F4: -90708.9 | Q4: =IF(F4<0,F4*-1,F4) -> 90708.9
A5: Aanvoer | B5: Balans | C5: Fust | D5: Fust huur terugbet. | E5: 2010 | F5: -2783.05 | Q5: =IF(F5<0,F5*-1,F5) -> 2783.05
A6: Aanvoer | B6: Balans | C6: Verpakking | D6: Verpakkingskosten | E6: 2010 | F6: -1302.28 | Q6: =IF(F6<0,F6*-1,F6) -> 1302.28
A7: Aanvoer | B7: Balans | C7: Pallet | D7: Pallet eenmalig | E7: 2010 | F7: -630.18 | Q7: =IF(F7<0,F7*-1,F7) -> 630.18
A8: Aanvoer | B8: Balans | C8: Pallet | D8: Pallet meermalig | E8: 2010 | F8: -2694.78 | Q8: =IF(F8<0,F8*-1,F8) -> 2694.78
A9: Aanvoer | B9: Kosten | C9: Productheffing | D9: Productheffing | E9: 2010 | F9: 2019.23 | G9: 0 | H9: 0 | I9: ='Omzet&Prijs'!$C$3/SUM('Omzet&Prijs'!$C$2:$C$8)*$Q9 -> 842.70633 | J9: ='Omzet&Prijs'!$C$4/SUM('Omzet&Prijs'!$C$2:$C$8)*$Q9 -> 227.89369 | K9: 0 | L9: ='Omzet&Prijs'!$C$6/SUM('Omzet&Prijs'!$C$2:$C$8)*$Q9 -> 17.607917 | M9: ='Omzet&Prijs'!$C$5/SUM('Omzet&Prijs'!$C$2:$C$8)*$Q9 -> 356.7407 | N9: ='Omzet&Prijs'!$C$8/SUM('Omzet&Prijs'!$C$2:$C$8)*$Q9 -> 260.36956 | O9: ='Omzet&Prijs'!$C$7/SUM('Omzet&Prijs'!$C$2:$C$8)*$Q9 -> 285.09924 | P9: ='Omzet&Prijs'!$C$2/SUM('Omzet&Prijs'!$C$2:$C$8)*$Q9 -> 28.812565 | Q9: =IF(F9<0,F9*-1,F9) -> 2019.23
A10: Aanvoer | B10: Kosten | C10: Provisie | D10: Provisie lid | E10: 2010 | F10: =4537.88+3535.79 -> 8073.67 | G10: 0 | H10: 0 | I10: ='Omzet&Prijs'!$C$3/SUM('Omzet&Prijs'!$C$2:$C$8)*$Q10 -> 3369.469 | J10: ='Omzet&Prijs'!$C$4/SUM('Omzet&Prijs'!$C$2:$C$8)*$Q10 -> 911.20796 | K10: 0 | L10: ='Omzet&Prijs'!$C$6/SUM('Omzet&Prijs'!$C$2:$C$8)*$Q10 -> 70.403329 | M10: ='Omzet&Prijs'!$C$5/SUM('Omzet&Prijs'!$C$2:$C$8)*$Q10 -> 1426.3886 | N10: ='Omzet&Prijs'!$C$8/SUM('Omzet&Prijs'!$C$2:$C$8)*$Q10 -> 1041.0592 | O10: ='Omzet&Prijs'!$C$7/SUM('Omzet&Prijs'!$C$2:$C$8)*$Q10 -> 1139.9381 | P10: ='Omzet&Prijs'!$C$2/SUM('Omzet&Prijs'!$C$2:$C$8)*$Q10 -> 115.20389 | Q10: =IF(F10<0,F10*-1,F10) -> 8073.67
A11: Aanvoer | B11: Kosten | C11: Royalty Junami | D11: Royaltykst Junami | E11: 2010 | F11: 303.19 | G11: 0 | H11: 0 | I11: 0 | J11: 0 | K11: 0 | L11: 0 | M11: 0 | N11: =Q11 -> 303.19 | O11: 0 | P11: 0 | Q11: =IF(F11<0,F11*-1,F11) -> 303.19
A12: Aanvoer | B12: Kosten | C12: Promotie Junami | D12: Promotiekst Junami | E12: 2010 | F12: 1818.81 | G12: 0 | H12: 0 | I12: 0 | J12: 0 | K12: 0 | L12: 0 | M12: 0 | N12: =Q12 -> 1818.81 | O12: 0 | P12: 0 | Q12: =IF(F12<0,F12*-1,F12) -> 1818.81
A13: Aanvoer | B13: Kosten | C13: Productheffing Junami | D13: Heffingskst Junami | E13: 2010 | F13: 1515.73 | G13: 0 | H13: 0 | I13: 0 | J13: 0 | K13: 0 | L13: 0 | M13: 0 | N13: =Q13 -> 1515.73 | O13: 0 | P13: 0 | Q13: =IF(F13<0,F13*-1,F13) -> 1515.73
A14: Fust | B14: Balans | C14: Fust | D14: Fust m.m. Ingel. Aanvo. | E14: 2010 | F14: =-347.4+8846.36+85610.05+4865.82+2859.27+4323.2+80.17+-4323.2+-80.16 -> 101834.11 | Q14: =IF(F14<0,F14*-1,F14) -> 101834.11
A15: Kosten | B15: Balans | C15: Voorschot Junami | D15: Voorschot Junami | E15: 2010 | F15: 17850 | Q15: =IF(F15<0,F15*-1,F15) -> 17850
A16: Kosten | B16: Kosten | C16: Administratie | D16: Aanvoerboek | E16: 2010 | F16: 18.16 | G16: 0 | H16: 0 | I16: ='Omzet&Prijs'!$C$3/SUM('Omzet&Prijs'!$C$2:$C$8)*$Q16 -> 7.5789023 | J16: ='Omzet&Prijs'!$C$4/SUM('Omzet&Prijs'!$C$2:$C$8)*$Q16 -> 2.0495681 | K16: 0 | L16: ='Omzet&Prijs'!$C$6/SUM('Omzet&Prijs'!$C$2:$C$8)*$Q16 -> 0.15835728 | M16: ='Omzet&Prijs'!$C$5/SUM('Omzet&Prijs'!$C$2:$C$8)*$Q16 -> 3.2083572 | N16: ='Omzet&Prijs'!$C$8/SUM('Omzet&Prijs'!$C$2:$C$8)*$Q16 -> 2.3416407 | O16: ='Omzet&Prijs'!$C$7/SUM('Omzet&Prijs'!$C$2:$C$8)*$Q16 -> 2.5640477 | P16: ='Omzet&Prijs'!$C$2/SUM('Omzet&Prijs'!$C$2:$C$8)*$Q16 -> 0.25912659 | Q16: =IF(F16<0,F16*-1,F16) -> 18.16
A17: Kosten | B17: Kosten | C17: Administratie | D17: Administratiekosten | E17: 2010 | F17: 56.5 | G17: 0 | H17: 0 | I17: ='Omzet&Prijs'!$C$3/SUM('Omzet&Prijs'!$C$2:$C$8)*$Q17 -> 23.579735 | J17: ='Omzet&Prijs'!$C$4/SUM('Omzet&Prijs'!$C$2:$C$8)*$Q17 -> 6.3766849 | K17: 0 | L17: ='Omzet&Prijs'!$C$6/SUM('Omzet&Prijs'!$C$2:$C$8)*$Q17 -> 0.49268648 | M17: ='Omzet&Prijs'!$C$5/SUM('Omzet&Prijs'!$C$2:$C$8)*$Q17 -> 9.9819483 | N17: ='Omzet&Prijs'!$C$8/SUM('Omzet&Prijs'!$C$2:$C$8)*$Q17 -> 7.2853911 | O17: ='Omzet&Prijs'!$C$7/SUM('Omzet&Prijs'!$C$2:$C$8)*$Q17 -> 7.9773512 | P17: ='Omzet&Prijs'!$C$2/SUM('Omzet&Prijs'!$C$2:$C$8)*$Q17 -> 0.80620332 | Q17: =IF(F17<0,F17*-1,F17) -> 56.5
A18: Kosten | B18: Kosten | C18: Analyse | D18: Analysekosten | E18: 2010 | F18: 150 | G18: 0 | H18: 0 | I18: ='Omzet&Prijs'!$C$3/SUM('Omzet&Prijs'!$C$2:$C$8)*$Q18 -> 62.601066 | J18: ='Omzet&Prijs'!$C$4/SUM('Omzet&Prijs'!$C$2:$C$8)*$Q18 -> 16.929252 | K18: 0 | L18: ='Omzet&Prijs'!$C$6/SUM('Omzet&Prijs'!$C$2:$C$8)*$Q18 -> 1.3080172 | M18: ='Omzet&Prijs'!$C$5/SUM('Omzet&Prijs'!$C$2:$C$8)*$Q18 -> 26.500748 | N18: ='Omzet&Prijs'!$C$8/SUM('Omzet&Prijs'!$C$2:$C$8)*$Q18 -> 19.341746 | O18: ='Omzet&Prijs'!$C$7/SUM('Omzet&Prijs'!$C$2:$C$8)*$Q18 -> 21.178809 | P18: ='Omzet&Prijs'!$C$2/SUM('Omzet&Prijs'!$C$2:$C$8)*$Q18 -> 2.1403628 | Q18: =IF(F18<0,F18*-1,F18) -> 150
A19: Kosten | B19: Kosten | C19: Preventie | D19: Crisispreventie | E19: 2010 | F19: 955.79 | G19: 0 | H19: 0 | I19: ='Omzet&Prijs'!$C$3/SUM('Omzet&Prijs'!$C$2:$C$8)*$Q19 -> 398.88982 | J19: ='Omzet&Prijs'!$C$4/SUM('Omzet&Prijs'!$C$2:$C$8)*$Q19 -> 107.87207 | K19: 0 | L19: ='Omzet&Prijs'!$C$6/SUM('Omzet&Prijs'!$C$2:$C$8)*$Q19 -> 8.3345985 | M19: ='Omzet&Prijs'!$C$5/SUM('Omzet&Prijs'!$C$2:$C$8)*$Q19 -> 168.861 | N19: ='Omzet&Prijs'!$C$8/SUM('Omzet&Prijs'!$C$2:$C$8)*$Q19 -> 123.24432 | O19: ='Omzet&Prijs'!$C$7/SUM('Omzet&Prijs'!$C$2:$C$8)*$Q19 -> 134.94996 | P19: ='Omzet&Prijs'!$C$2/SUM('Omzet&Prijs'!$C$2:$C$8)*$Q19 -> 13.638249 | Q19: =IF(F19<0,F19*-1,F19) -> 955.79
A20: Kosten | B20: Kosten | C20: Fust | D20: Fustbon | E20: 2010 | F20: 0.23 | G20: 0 | H20: 0 | I20: ='Omzet&Prijs'!$C$3/SUM('Omzet&Prijs'!$C$2:$C$8)*$Q20 -> 0.095988301 | J20: ='Omzet&Prijs'!$C$4/SUM('Omzet&Prijs'!$C$2:$C$8)*$Q20 -> 0.025958186 | K20: 0 | L20: ='Omzet&Prijs'!$C$6/SUM('Omzet&Prijs'!$C$2:$C$8)*$Q20 -> 0.0020056264 | M20: ='Omzet&Prijs'!$C$5/SUM('Omzet&Prijs'!$C$2:$C$8)*$Q20 -> 0.04063448 | N20: ='Omzet&Prijs'!$C$8/SUM('Omzet&Prijs'!$C$2:$C$8)*$Q20 -> 0.029657344 | O20: ='Omzet&Prijs'!$C$7/SUM('Omzet&Prijs'!$C$2:$C$8)*$Q20 -> 0.032474173 | P20: ='Omzet&Prijs'!$C$2/SUM('Omzet&Prijs'!$C$2:$C$8)*$Q20 -> 0.0032818896 | Q20: =IF(F20<0,F20*-1,F20) -> 0.23
A21: Kosten | B21: Kosten | C21: Koelen | D21: Koelloon | E21: 2010 | F21: 10657.92 | G21: 0 | H21: 0 | I21: ='Omzet&Prijs'!$C$3/(SUM('Omzet&Prijs'!$C$2:$C$8)-'Omzet&Prijs'!$C$7)*$Q21 -> 5179.2499 | J21: ='Omzet&Prijs'!$C$4/(SUM('Omzet&Prijs'!$C$2:$C$8)-'Omzet&Prijs'!$C$7)*$Q21 -> 1400.6284 | K21: 0 | L21: ='Omzet&Prijs'!$C$6/(SUM('Omzet&Prijs'!$C$2:$C$8)-'Omzet&Prijs'!$C$7)*$Q21 -> 108.21778 | M21: ='Omzet&Prijs'!$C$5/(SUM('Omzet&Prijs'!$C$2:$C$8)-'Omzet&Prijs'!$C$7)*$Q21 -> 2192.5185 | N21: ='Omzet&Prijs'!$C$8/(SUM('Omzet&Prijs'!$C$2:$C$8)-'Omzet&Prijs'!$C$7)*$Q21 -> 1600.2242 | O21: 0 | P21: ='Omzet&Prijs'!$C$2/(SUM('Omzet&Prijs'!$C$2:$C$8)-'Omzet&Prijs'!$C$7)*$Q21 -> 177.08123 | Q21: =IF(F21<0,F21*-1,F21) -> 10657.92
A22: Kosten | B22: Kosten | C22: Algemeen Junami | D22: Kosten Junami | E22: 2010 | F22: 1722.51 | G22: 0 | H22: 0 | I22: 0 | J22: 0 | K22: 0 | L22: 0 | M22: 0 | N22: =Q22 -> 1722.51 | O22: 0 | P22: 0 | Q22: =IF(F22<0,F22*-1,F22) -> 1722.51
A23: Kosten | B23: Kosten | C23: Algemeen | D23: Onvoorziene kosten | E23: 2010 | F23: 449.51 | G23: 0 | H23: 0 | I23: ='Omzet&Prijs'!$C$3/SUM('Omzet&Prijs'!$C$2:$C$8)*$Q23 -> 187.5987 | J23: ='Omzet&Prijs'!$C$4/SUM('Omzet&Prijs'!$C$2:$C$8)*$Q23 -> 50.732454 | K23: 0 | L23: ='Omzet&Prijs'!$C$6/SUM('Omzet&Prijs'!$C$2:$C$8)*$Q23 -> 3.9197788 | M23: ='Omzet&Prijs'!$C$5/SUM('Omzet&Prijs'!$C$2:$C$8)*$Q23 -> 79.415674 | N23: ='Omzet&Prijs'!$C$8/SUM('Omzet&Prijs'!$C$2:$C$8)*$Q23 -> 57.962056 | O23: ='Omzet&Prijs'!$C$7/SUM('Omzet&Prijs'!$C$2:$C$8)*$Q23 -> 63.467241 | P23: ='Omzet&Prijs'!$C$2/SUM('Omzet&Prijs'!$C$2:$C$8)*$Q23 -> 6.4140965 | Q23: =IF(F23<0,F23*-1,F23) -> 449.51
A24: Kosten | B24: Opbrengsten | C24: Bonus | D24: Resultaatbonus | E24: 2010 | F24: -3257.52 | Q24: =IF(F24<0,F24*-1,F24) -> 3257.52
A25: Kosten | B25: Kosten | C25: Sorteren | D25: Sorteerkosten | E25: 2010 | F25: =5774.79+958.97 -> 6733.76 | G25: 0 | H25: 0 | I25: ='Omzet&Prijs'!$C$3/(SUM('Omzet&Prijs'!$C$2:$C$8)-'Omzet&Prijs'!$C$7)*$Q25 -> 3272.292 | J25: ='Omzet&Prijs'!$C$4/(SUM('Omzet&Prijs'!$C$2:$C$8)-'Omzet&Prijs'!$C$7)*$Q25 -> 884.92832 | K25: 0 | L25: ='Omzet&Prijs'!$C$6/(SUM('Omzet&Prijs'!$C$2:$C$8)-'Omzet&Prijs'!$C$7)*$Q25 -> 68.372865 | M25: ='Omzet&Prijs'!$C$5/(SUM('Omzet&Prijs'!$C$2:$C$8)-'Omzet&Prijs'!$C$7)*$Q25 -> 1385.2509 | N25: ='Omzet&Prijs'!$C$8/(SUM('Omzet&Prijs'!$C$2:$C$8)-'Omzet&Prijs'!$C$7)*$Q25 -> 1011.0346 | O25: 0 | P25: ='Omzet&Prijs'!$C$2/(SUM('Omzet&Prijs'!$C$2:$C$8)-'Omzet&Prijs'!$C$7)*$Q25 -> 111.88135 | Q25: =IF(F25<0,F25*-1,F25) -> 6733.76
A26: Kosten | B26: Balans | C26: Etiketteren | D26: Stikkeren | E26: 2010 | F26: -733.8 | Q26: =IF(F26<0,F26*-1,F26) -> 733.8
A27: Kosten | B27: Kosten | C27: Algemeen | D27: Touw | E27: 2010 | F27: 53.75 | G27: 0 | H27: 0 | I27: ='Omzet&Prijs'!$C$3/SUM('Omzet&Prijs'!$C$2:$C$8)*$Q27 -> 22.432049 | J27: ='Omzet&Prijs'!$C$4/SUM('Omzet&Prijs'!$C$2:$C$8)*$Q27 -> 6.0663153 | K27: 0 | L27: ='Omzet&Prijs'!$C$6/SUM('Omzet&Prijs'!$C$2:$C$8)*$Q27 -> 0.46870617 | M27: ='Omzet&Prijs'!$C$5/SUM('Omzet&Prijs'!$C$2:$C$8)*$Q27 -> 9.4961013 | N27: ='Omzet&Prijs'!$C$8/SUM('Omzet&Prijs'!$C$2:$C$8)*$Q27 -> 6.9307924 | O27: ='Omzet&Prijs'!$C$7/SUM('Omzet&Prijs'!$C$2:$C$8)*$Q27 -> 7.589073 | P27: ='Omzet&Prijs'!$C$2/SUM('Omzet&Prijs'!$C$2:$C$8)*$Q27 -> 0.76696333 | Q27: =IF(F27<0,F27*-1,F27) -> 53.75
A28: Kosten | B28: Kosten | C28: Zorgsystemen | D28: Zorgsystemen | E28: 2010 | F28: 250 | G28: 0 | H28: 0 | I28: ='Omzet&Prijs'!$C$3/SUM('Omzet&Prijs'!$C$2:$C$8)*$Q28 -> 104.33511 | J28: ='Omzet&Prijs'!$C$4/SUM('Omzet&Prijs'!$C$2:$C$8)*$Q28 -> 28.21542 | K28: 0 | L28: ='Omzet&Prijs'!$C$6/SUM('Omzet&Prijs'!$C$2:$C$8)*$Q28 -> 2.1800287 | M28: ='Omzet&Prijs'!$C$5/SUM('Omzet&Prijs'!$C$2:$C$8)*$Q28 -> 44.167913 | N28: ='Omzet&Prijs'!$C$8/SUM('Omzet&Prijs'!$C$2:$C$8)*$Q28 -> 32.236244 | O28: ='Omzet&Prijs'!$C$7/SUM('Omzet&Prijs'!$C$2:$C$8)*$Q28 -> 35.298014 | P28: ='Omzet&Prijs'!$C$2/SUM('Omzet&Prijs'!$C$2:$C$8)*$Q28 -> 3.5672713 | Q28: =IF(F28<0,F28*-1,F28) -> 250
A29: Kosten | B29: Balans | C29: BTW | D29: BTW | E29: 2010 | F29: =175.11+-9404.32 -> -9229.21 | Q29: =IF(F29<0,F29*-1,F29) -> 9229.21
A30: Aanvoer | B30: Opbrengsten | C30: Omzet | D30: Productomzet | E30: 2011 | F30: -151790.75 | Q30: =IF(F30<0,F30*-1,F30) -> 151790.75
A31: Aanvoer | B31: Balans | C31: Fust | D31: Fust eenmalig | E31: 2011 | F31: -6136.23 | Q31: =IF(F31<0,F31*-1,F31) -> 6136.23
A32: Aanvoer | B32: Balans | C32: Fust | D32: Fust meermalig | E32: 2011 | F32: -43148.4 | Q32: =IF(F32<0,F32*-1,F32) -> 43148.4
A33: Aanvoer | B33: Balans | C33: Fust | D33: Fust huur terugbet. | E33: 2011 | F33: -2802.35 | Q33: =IF(F33<0,F33*-1,F33) -> 2802.35
A34: Aanvoer | B34: Balans | C34: Verpakking | D34: Verpakkingskosten | E34: 2011 | F34: -953.8 | Q34: =IF(F34<0,F34*-1,F34) -> 953.8
A35: Aanvoer | B35: Balans | C35: Pallet | D35: Pallet eenmalig | E35: 2011 | F35: -890.12 | Q35: =IF(F35<0,F35*-1,F35) -> 890.12
A36: Aanvoer | B36: Balans | C36: Pallet | D36: Pallet meermalig | E36: 2011 | F36: -2109.55 | Q36: =IF(F36<0,F36*-1,F36) -> 2109.55
A37: Aanvoer | B37: Kosten | C37: Productheffing | D37: Productheffing | E37: 2011 | F37: 1183.42 | G37: 0 | H37: ='Omzet&Prijs'!$C$15/SUM('Omzet&Prijs'!$C$9:$C$16)*$Q37 -> 1.026631 | I37: ='Omzet&Prijs'!$C$10/SUM('Omzet&Prijs'!$C$9:$C$16)*$Q37 -> 267.92084 | J37: ='Omzet&Prijs'!$C$11/SUM('Omzet&Prijs'!$C$9:$C$16)*$Q37 -> 151.56807 | K37: 0 | L37: ='Omzet&Prijs'!$C$12/SUM('Omzet&Prijs'!$C$9:$C$16)*$Q37 -> 212.29983 | M37: ='Omzet&Prijs'!$C$13/SUM('Omzet&Prijs'!$C$9:$C$16)*$Q37 -> 48.895637 | N37: ='Omzet&Prijs'!$C$16/SUM('Omzet&Prijs'!$C$9:$C$16)*$Q37 -> 174.7158 | O37: ='Omzet&Prijs'!$C$14/SUM('Omzet&Prijs'!$C$9:$C$16)*$Q37 -> 300.03012 | P37: ='Omzet&Prijs'!$C$9/SUM('Omzet&Prijs'!$C$9:$C$16)*$Q37 -> 26.963064 | Q37: =IF(F37<0,F37*-1,F37) -> 1183.42
A38: Aanvoer | B38: Kosten | C38: Provisie | D38: Provisie lid | E38: 2011 | F38: =4537.84+2136.24 -> 6674.08 | G38: 0 | H38: ='Omzet&Prijs'!$C$15/SUM('Omzet&Prijs'!$C$9:$C$16)*$Q38 -> 5.7898444 | I38: ='Omzet&Prijs'!$C$10/SUM('Omzet&Prijs'!$C$9:$C$16)*$Q38 -> 1510.981 | J38: ='Omzet&Prijs'!$C$11/SUM('Omzet&Prijs'!$C$9:$C$16)*$Q38 -> 854.79158 | K38: 0 | L38: ='Omzet&Prijs'!$C$12/SUM('Omzet&Prijs'!$C$9:$C$16)*$Q38 -> 1197.2977 | M38: ='Omzet&Prijs'!$C$13/SUM('Omzet&Prijs'!$C$9:$C$16)*$Q38 -> 275.7545 | N38: ='Omzet&Prijs'!$C$16/SUM('Omzet&Prijs'!$C$9:$C$16)*$Q38 -> 985.33678 | O38: ='Omzet&Prijs'!$C$14/SUM('Omzet&Prijs'!$C$9:$C$16)*$Q38 -> 1692.0662 | P38: ='Omzet&Prijs'!$C$9/SUM('Omzet&Prijs'!$C$9:$C$16)*$Q38 -> 152.06237 | Q38: =IF(F38<0,F38*-1,F38) -> 6674.08
A39: Aanvoer | B39: Kosten | C39: Royalty Junami | D39: Royaltykst Junami | E39: 2011 | F39: 234.02 | G39: 0 | H39: 0 | I39: 0 | J39: 0 | K39: 0 | L39: 0 | M39: 0 | N39: =Q39 -> 234.02 | O39: 0 | P39: 0 | Q39: =IF(F39<0,F39*-1,F39) -> 234.02
A40: Aanvoer | B40: Kosten | C40: Promotie Junami | D40: Promotiekst Junami | E40: 2011 | F40: 1404.03 | G40: 0 | H40: 0 | I40: 0 | J40: 0 | K40: 0 | L40: 0 | M40: 0 | N40: =Q40 -> 1404.03 | O40: 0 | P40: 0 | Q40: =IF(F40<0,F40*-1,F40) -> 1404.03
A41: Aanvoer | B41: Kosten | C41: Productheffing Junami | D41: Heffingskst Junami | E41: 2011 | F41: 1170.03 | G41: 0 | H41: 0 | I41: 0 | J41: 0 | K41: 0 | L41: 0 | M41: 0 | N41: =Q41 -> 1170.03 | O41: 0 | P41: 0 | Q41: =IF(F41<0,F41*-1,F41) -> 1170.03
A42: Fust | B42: Balans | C42: Fust | D42: Fust m.m. Ingel. Aanvo. | E42: 2011 | F42: =-731.27+-1592.22+8231.02+45848.14+4165.43+2973.9+-109.5+1544.4+1986.97+138.62+-1521.24+-1986.97+-133.94 -> 58813.34 | Q42: =IF(F42<0,F42*-1,F42) -> 58813.34
A43: Kosten | B43: Balans | C43: Voorschot Junami | D43: Voorschot Junami | E43: 2011 | F43: 17820 | Q43: =IF(F43<0,F43*-1,F43) -> 17820
A44: Kosten | B44: Kosten | C44: Administratie | D44: Aanvoerboek | E44: 2011 | F44: 9.08 | G44: 0 | H44: ='Omzet&Prijs'!$C$15/SUM('Omzet&Prijs'!$C$9:$C$16)*$Q44 -> 0.0078770089 | I44: ='Omzet&Prijs'!$C$10/SUM('Omzet&Prijs'!$C$9:$C$16)*$Q44 -> 2.0556702 | J44: ='Omzet&Prijs'!$C$11/SUM('Omzet&Prijs'!$C$9:$C$16)*$Q44 -> 1.1629329 | K44: 0 | L44: ='Omzet&Prijs'!$C$12/SUM('Omzet&Prijs'!$C$9:$C$16)*$Q44 -> 1.6289081 | M44: ='Omzet&Prijs'!$C$13/SUM('Omzet&Prijs'!$C$9:$C$16)*$Q44 -> 0.37516045 | N44: ='Omzet&Prijs'!$C$16/SUM('Omzet&Prijs'!$C$9:$C$16)*$Q44 -> 1.340538 | O44: ='Omzet&Prijs'!$C$14/SUM('Omzet&Prijs'!$C$9:$C$16)*$Q44 -> 2.3020344 | P44: ='Omzet&Prijs'!$C$9/SUM('Omzet&Prijs'!$C$9:$C$16)*$Q44 -> 0.2068789 | Q44: =IF(F44<0,F44*-1,F44) -> 9.08
A45: Kosten | B45: Kosten | C45: Administratie | D45: Administratiekosten | E45: 2011 | F45: 48.59 | G45: 0 | H45: ='Omzet&Prijs'!$C$15/SUM('Omzet&Prijs'!$C$9:$C$16)*$Q45 -> 0.042152408 | I45: ='Omzet&Prijs'!$C$10/SUM('Omzet&Prijs'!$C$9:$C$16)*$Q45 -> 11.000552 | J45: ='Omzet&Prijs'!$C$11/SUM('Omzet&Prijs'!$C$9:$C$16)*$Q45 -> 6.2232282 | K45: 0 | L45: ='Omzet&Prijs'!$C$12/SUM('Omzet&Prijs'!$C$9:$C$16)*$Q45 -> 8.7168113 | M45: ='Omzet&Prijs'!$C$13/SUM('Omzet&Prijs'!$C$9:$C$16)*$Q45 -> 2.0076042 | N45: ='Omzet&Prijs'!$C$16/SUM('Omzet&Prijs'!$C$9:$C$16)*$Q45 -> 7.17365 | O45: ='Omzet&Prijs'!$C$14/SUM('Omzet&Prijs'!$C$9:$C$16)*$Q45 -> 12.318926 | P45: ='Omzet&Prijs'!$C$9/SUM('Omzet&Prijs'!$C$9:$C$16)*$Q45 -> 1.1070755 | Q45: =IF(F45<0,F45*-1,F45) -> 48.59
A46: Kosten | B46: Kosten | C46: Analyse | D46: Analysekosten | E46: 2011 | F46: 0 | G46: 0 | H46: 0 | I46: ='Omzet&Prijs'!$C$3/SUM('Omzet&Prijs'!$C$2:$C$8)*$Q46 -> 0 | J46: ='Omzet&Prijs'!$C$4/SUM('Omzet&Prijs'!$C$2:$C$8)*$Q46 -> 0 | K46: 0 | L46: ='Omzet&Prijs'!$C$6/SUM('Omzet&Prijs'!$C$2:$C$8)*$Q46 -> 0 | M46: ='Omzet&Prijs'!$C$5/SUM('Omzet&Prijs'!$C$2:$C$8)*$Q46 -> 0 | N46: ='Omzet&Prijs'!$C$8/SUM('Omzet&Prijs'!$C$2:$C$8)*$Q46 -> 0 | O46: ='Omzet&Prijs'!$C$7/SUM('Omzet&Prijs'!$C$2:$C$8)*$Q46 -> 0 | P46: ='Omzet&Prijs'!$C$2/SUM('Omzet&Prijs'!$C$2:$C$8)*$Q46 -> 0 | Q46: =IF(F46<0,F46*-1,F46) -> 0
A47: Kosten | B47: Kosten | C47: Preventie | D47: Crisispreventie | E47: 2011 | F47: 1082.17 | G47: 0 | H47: ='Omzet&Prijs'!$C$15/SUM('Omzet&Prijs'!$C$9:$C$16)*$Q47 -> 0.93879545 | I47: ='Omzet&Prijs'!$C$10/SUM('Omzet&Prijs'!$C$9:$C$16)*$Q47 -> 244.9983 | J47: ='Omzet&Prijs'!$C$11/SUM('Omzet&Prijs'!$C$9:$C$16)*$Q47 -> 138.60035 | K47: 0 | L47: ='Omzet&Prijs'!$C$12/SUM('Omzet&Prijs'!$C$9:$C$16)*$Q47 -> 194.13607 | M47: ='Omzet&Prijs'!$C$13/SUM('Omzet&Prijs'!$C$9:$C$16)*$Q47 -> 44.712267 | N47: ='Omzet&Prijs'!$C$16/SUM('Omzet&Prijs'!$C$9:$C$16)*$Q47 -> 159.76762 | O47: ='Omzet&Prijs'!$C$14/SUM('Omzet&Prijs'!$C$9:$C$16)*$Q47 -> 274.36041 | P47: ='Omzet&Prijs'!$C$9/SUM('Omzet&Prijs'!$C$9:$C$16)*$Q47 -> 24.656182 | Q47: =IF(F47<0,F47*-1,F47) -> 1082.17
A48: Kosten | B48: Kosten | C48: Fust | D48: Fustbon | E48: 2011 | F48: 0.46 | G48: 0 | H48: ='Omzet&Prijs'!$C$15/SUM('Omzet&Prijs'!$C$9:$C$16)*$Q48 -> 0.00039905552 | I48: ='Omzet&Prijs'!$C$10/SUM('Omzet&Prijs'!$C$9:$C$16)*$Q48 -> 0.10414188 | J48: ='Omzet&Prijs'!$C$11/SUM('Omzet&Prijs'!$C$9:$C$16)*$Q48 -> 0.058915105 | K48: 0 | L48: ='Omzet&Prijs'!$C$12/SUM('Omzet&Prijs'!$C$9:$C$16)*$Q48 -> 0.082521778 | M48: ='Omzet&Prijs'!$C$13/SUM('Omzet&Prijs'!$C$9:$C$16)*$Q48 -> 0.019005926 | N48: ='Omzet&Prijs'!$C$16/SUM('Omzet&Prijs'!$C$9:$C$16)*$Q48 -> 0.067912719 | O48: ='Omzet&Prijs'!$C$14/SUM('Omzet&Prijs'!$C$9:$C$16)*$Q48 -> 0.11662289 | P48: ='Omzet&Prijs'!$C$9/SUM('Omzet&Prijs'!$C$9:$C$16)*$Q48 -> 0.010480649 | Q48: =IF(F48<0,F48*-1,F48) -> 0.46
A49: Kosten | B49: Kosten | C49: Koelen | D49: Koelloon | E49: 2011 | F49: 13225.26 | G49: 0 | H49: ='Omzet&Prijs'!$C$15/(SUM('Omzet&Prijs'!$C$9:$C$16)-'Omzet&Prijs'!$C$14)*$Q49 -> 15.369728 | I49: ='Omzet&Prijs'!$C$10/(SUM('Omzet&Prijs'!$C$9:$C$16)-'Omzet&Prijs'!$C$14)*$Q49 -> 4011.052 | J49: ='Omzet&Prijs'!$C$11/(SUM('Omzet&Prijs'!$C$9:$C$16)-'Omzet&Prijs'!$C$14)*$Q49 -> 2269.1308 | K49: 0 | L49: ='Omzet&Prijs'!$C$12/(SUM('Omzet&Prijs'!$C$9:$C$16)-'Omzet&Prijs'!$C$14)*$Q49 -> 3178.348 | M49: ='Omzet&Prijs'!$C$13/(SUM('Omzet&Prijs'!$C$9:$C$16)-'Omzet&Prijs'!$C$14)*$Q49 -> 732.01824 | N49: ='Omzet&Prijs'!$C$16/(SUM('Omzet&Prijs'!$C$9:$C$16)-'Omzet&Prijs'!$C$14)*$Q49 -> 2615.6763 | O49: 0 | P49: ='Omzet&Prijs'!$C$9/(SUM('Omzet&Prijs'!$C$9:$C$16)-'Omzet&Prijs'!$C$14)*$Q49 -> 403.66496 | Q49: =IF(F49<0,F49*-1,F49) -> 13225.26
A50: Kosten | B50: Kosten | C50: Algemeen Junami | D50: Kosten Junami | E50: 2011 | F50: -1065.83 | G50: 0 | H50: 0 | I50: 0 | J50: 0 | K50: 0 | L50: 0 | M50: 0 | N50: =Q50 -> 1065.83 | O50: 0 | P50: 0 | Q50: =IF(F50<0,F50*-1,F50) -> 1065.83
A51: Kosten | B51: Kosten | C51: Algemeen | D51: Onvoorziene kosten | E51: 2011 | F51: 0 | G51: 0 | H51: 0 | I51: ='Omzet&Prijs'!$C$3/SUM('Omzet&Prijs'!$C$2:$C$8)*$Q51 -> 0 | J51: ='Omzet&Prijs'!$C$4/SUM('Omzet&Prijs'!$C$2:$C$8)*$Q51 -> 0 | K51: 0 | L51: ='Omzet&Prijs'!$C$6/SUM('Omzet&Prijs'!$C$2:$C$8)*$Q51 -> 0 | M51: ='Omzet&Prijs'!$C$5/SUM('Omzet&Prijs'!$C$2:$C$8)*$Q51 -> 0 | N51: ='Omzet&Prijs'!$C$8/SUM('Omzet&Prijs'!$C$2:$C$8)*$Q51 -> 0 | O51: ='Omzet&Prijs'!$C$7/SUM('Omzet&Prijs'!$C$2:$C$8)*$Q51 -> 0 | P51: ='Omzet&Prijs'!$C$2/SUM('Omzet&Prijs'!$C$2:$C$8)*$Q51 -> 0 | Q51: =IF(F51<0,F51*-1,F51) -> 0
A52: Kosten | B52: Opbrengsten | C52: Bonus | D52: Resultaatbonus | E52: 2011 | F52: 0 | Q52: =IF(F52<0,F52*-1,F52) -> 0
A53: Kosten | B53: Kosten | C53: Sorteren | D53: Sorteerkosten | E53: 2011 | F53: =7289.87+1014.01 -> 8303.88 | G53: 0 | H53: ='Omzet&Prijs'!$C$15/(SUM('Omzet&Prijs'!$C$9:$C$16)-'Omzet&Prijs'!$C$14)*$Q53 -> 9.6503494 | I53: ='Omzet&Prijs'!$C$10/(SUM('Omzet&Prijs'!$C$9:$C$16)-'Omzet&Prijs'!$C$14)*$Q53 -> 2518.4605 | J53: ='Omzet&Prijs'!$C$11/(SUM('Omzet&Prijs'!$C$9:$C$16)-'Omzet&Prijs'!$C$14)*$Q53 -> 1424.7425 | K53: 0 | L53: ='Omzet&Prijs'!$C$12/(SUM('Omzet&Prijs'!$C$9:$C$16)-'Omzet&Prijs'!$C$14)*$Q53 -> 1995.6221 | M53: ='Omzet&Prijs'!$C$13/(SUM('Omzet&Prijs'!$C$9:$C$16)-'Omzet&Prijs'!$C$14)*$Q53 -> 459.61982 | N53: ='Omzet&Prijs'!$C$16/(SUM('Omzet&Prijs'!$C$9:$C$16)-'Omzet&Prijs'!$C$14)*$Q53 -> 1642.3316 | O53: 0 | P53: ='Omzet&Prijs'!$C$9/(SUM('Omzet&Prijs'!$C$9:$C$16)-'Omzet&Prijs'!$C$14)*$Q53 -> 253.45327 | Q53: =IF(F53<0,F53*-1,F53) -> 8303.88
A54: Kosten | B54: Balans | C54: Etiketteren | D54: Stikkeren | E54: 2011 | F54: 0 | Q54: =IF(F54<0,F54*-1,F54) -> 0
A55: Kosten | B55: Kosten | C55: Algemeen | D55: Touw/diverse | E55: 2011 | F55: =65.5+195+32.25+56.75 -> 349.5 | G55: 0 | H55: ='Omzet&Prijs'!$C$15/SUM('Omzet&Prijs'!$C$9:$C$16)*$Q55 -> 0.30319544 | I55: ='Omzet&Prijs'!$C$10/SUM('Omzet&Prijs'!$C$9:$C$16)*$Q55 -> 79.12519 | J55: ='Omzet&Prijs'!$C$11/SUM('Omzet&Prijs'!$C$9:$C$16)*$Q55 -> 44.762672 | K55: 0 | L55: ='Omzet&Prijs'!$C$12/SUM('Omzet&Prijs'!$C$9:$C$16)*$Q55 -> 62.698612 | M55: ='Omzet&Prijs'!$C$13/SUM('Omzet&Prijs'!$C$9:$C$16)*$Q55 -> 14.440372 | N55: ='Omzet&Prijs'!$C$16/SUM('Omzet&Prijs'!$C$9:$C$16)*$Q55 -> 51.598903 | O55: ='Omzet&Prijs'!$C$14/SUM('Omzet&Prijs'!$C$9:$C$16)*$Q55 -> 88.608041 | P55: ='Omzet&Prijs'!$C$9/SUM('Omzet&Prijs'!$C$9:$C$16)*$Q55 -> 7.9630148 | Q55: =IF(F55<0,F55*-1,F55) -> 349.5
A56: Kosten | B56: Kosten | C56: Zorgsystemen | D56: Zorgsystemen | E56: 2011 | F56: 250 | G56: 0 | H56: ='Omzet&Prijs'!$C$15/SUM('Omzet&Prijs'!$C$9:$C$16)*$Q56 -> 0.216878 | I56: ='Omzet&Prijs'!$C$10/SUM('Omzet&Prijs'!$C$9:$C$16)*$Q56 -> 56.598848 | J56: ='Omzet&Prijs'!$C$11/SUM('Omzet&Prijs'!$C$9:$C$16)*$Q56 -> 32.019079 | K56: 0 | L56: ='Omzet&Prijs'!$C$12/SUM('Omzet&Prijs'!$C$9:$C$16)*$Q56 -> 44.848793 | M56: ='Omzet&Prijs'!$C$13/SUM('Omzet&Prijs'!$C$9:$C$16)*$Q56 -> 10.329308 | N56: ='Omzet&Prijs'!$C$16/SUM('Omzet&Prijs'!$C$9:$C$16)*$Q56 -> 36.909086 | O56: ='Omzet&Prijs'!$C$14/SUM('Omzet&Prijs'!$C$9:$C$16)*$Q56 -> 63.382003 | P56: ='Omzet&Prijs'!$C$9/SUM('Omzet&Prijs'!$C$9:$C$16)*$Q56 -> 5.6960049 | Q56: =IF(F56<0,F56*-1,F56) -> 250
A57: Kosten | B57: Balans | C57: BTW | D57: BTW | E57: 2011 | F57: =72.23+167.29+115.73+-6947.45 -> -6592.2 | Q57: =IF(F57<0,F57*-1,F57) -> 6592.2
A58: Kosten | B58: Kosten | C58: Vracht | D58: vrachtkosten | E58: 2011 | F58: 3168.5 | G58: 0 | H58: ='Omzet&Prijs'!$C$15/SUM('Omzet&Prijs'!$C$9:$C$16)*$Q58 -> 2.7487117 | I58: ='Omzet&Prijs'!$C$10/SUM('Omzet&Prijs'!$C$9:$C$16)*$Q58 -> 717.3338 | J58: ='Omzet&Prijs'!$C$11/SUM('Omzet&Prijs'!$C$9:$C$16)*$Q58 -> 405.80981 | K58: 0 | L58: ='Omzet&Prijs'!$C$12/SUM('Omzet&Prijs'!$C$9:$C$16)*$Q58 -> 568.4136 | M58: ='Omzet&Prijs'!$C$13/SUM('Omzet&Prijs'!$C$9:$C$16)*$Q58 -> 130.91364 | N58: ='Omzet&Prijs'!$C$16/SUM('Omzet&Prijs'!$C$9:$C$16)*$Q58 -> 467.78576 | O58: ='Omzet&Prijs'!$C$14/SUM('Omzet&Prijs'!$C$9:$C$16)*$Q58 -> 803.30351 | P58: ='Omzet&Prijs'!$C$9/SUM('Omzet&Prijs'!$C$9:$C$16)*$Q58 -> 72.191166 | Q58: =IF(F58<0,F58*-1,F58) -> 3168.5
A59: Aanvoer | B59: Opbrengsten | C59: Omzet | D59: Productomzet | E59: 2012 | F59: -278008.48 | Q59: =IF(F59<0,F59*-1,F59) -> 278008.48
A60: Aanvoer | B60: Balans | C60: Fust | D60: Fust eenmalig | E60: 2012 | F60: -4063.15 | Q60: =IF(F60<0,F60*-1,F60) -> 4063.15
A61: Aanvoer | B61: Balans | C61: Fust | D61: Fust meermalig | E61: 2012 | F61: -141336.62 | Q61: =IF(F61<0,F61*-1,F61) -> 141336.62
A62: Aanvoer | B62: Balans | C62: Fust | D62: Fust huur terugbet. | E62: 2012 | F62: -5358.18 | Q62: =IF(F62<0,F62*-1,F62) -> 5358.18
A63: Aanvoer | B63: Balans | C63: Verpakking | D63: Verpakkingskosten | E63: 2012 | F63: -960 | Q63: =IF(F63<0,F63*-1,F63) -> 960
A64: Aanvoer | B64: Balans | C64: Pallet | D64: Pallet eenmalig | E64: 2012 | F64: -999.95 | Q64: =IF(F64<0,F64*-1,F64) -> 999.95
A65: Aanvoer | B65: Balans | C65: Pallet | D65: Pallet meermalig | E65: 2012 | F65: -3524.99 | Q65: =IF(F65<0,F65*-1,F65) -> 3524.99
A66: Aanvoer | B66: Kosten | C66: Productheffing | D66: Productheffing | E66: 2012 | F66: 2432.87 | G66: 0 | H66: ='Omzet&Prijs'!$C$23/SUM('Omzet&Prijs'!$C$17:$C$24)*$Q66 -> 4.4129377 | I66: ='Omzet&Prijs'!$C$18/SUM('Omzet&Prijs'!$C$17:$C$24)*$Q66 -> 1168.1932 | J66: ='Omzet&Prijs'!$C$19/SUM('Omzet&Prijs'!$C$17:$C$24)*$Q66 -> 248.159 | K66: 0 | L66: ='Omzet&Prijs'!$C$21/SUM('Omzet&Prijs'!$C$17:$C$24)*$Q66 -> 125.94987 | M66: ='Omzet&Prijs'!$C$20/SUM('Omzet&Prijs'!$C$17:$C$24)*$Q66 -> 176.61354 | N66: ='Omzet&Prijs'!$C$24/SUM('Omzet&Prijs'!$C$17:$C$24)*$Q66 -> 346.39291 | O66: ='Omzet&Prijs'!$C$22/SUM('Omzet&Prijs'!$C$17:$C$24)*$Q66 -> 309.4076 | P66: ='Omzet&Prijs'!$C$17/SUM('Omzet&Prijs'!$C$17:$C$24)*$Q66 -> 53.740938 | Q66: =IF(F66<0,F66*-1,F66) -> 2432.87
A67: Aanvoer | B67: Kosten | C67: Provisie | D67: Provisie lid | E67: 2012 | F67: =4537.88+4764.82+1533.54 -> 10836.24 | G67: 0 | H67: ='Omzet&Prijs'!$C$23/SUM('Omzet&Prijs'!$C$17:$C$24)*$Q67 -> 19.655654 | I67: ='Omzet&Prijs'!$C$18/SUM('Omzet&Prijs'!$C$17:$C$24)*$Q67 -> 5203.2464 | J67: ='Omzet&Prijs'!$C$19/SUM('Omzet&Prijs'!$C$17:$C$24)*$Q67 -> 1105.3243 | K67: 0 | L67: ='Omzet&Prijs'!$C$21/SUM('Omzet&Prijs'!$C$17:$C$24)*$Q67 -> 560.99298 | M67: ='Omzet&Prijs'!$C$20/SUM('Omzet&Prijs'!$C$17:$C$24)*$Q67 -> 786.65389 | N67: ='Omzet&Prijs'!$C$24/SUM('Omzet&Prijs'!$C$17:$C$24)*$Q67 -> 1542.8678 | O67: ='Omzet&Prijs'!$C$22/SUM('Omzet&Prijs'!$C$17:$C$24)*$Q67 -> 1378.1316 | P67: ='Omzet&Prijs'!$C$17/SUM('Omzet&Prijs'!$C$17:$C$24)*$Q67 -> 239.36738 | Q67: =IF(F67<0,F67*-1,F67) -> 10836.24
A68: Aanvoer | B68: Kosten | C68: Royalty Junami | D68: Royaltykst Junami | E68: 2012 | F68: 396.84 | G68: 0 | H68: 0 | I68: 0 | J68: 0 | K68: 0 | L68: 0 | M68: 0 | N68: =Q68 -> 396.84 | O68: 0 | P68: 0 | Q68: =IF(F68<0,F68*-1,F68) -> 396.84
A69: Aanvoer | B69: Kosten | C69: Promotie Junami | D69: Promotiekst Junami | E69: 2012 | F69: 2182.43 | G69: 0 | H69: 0 | I69: 0 | J69: 0 | K69: 0 | L69: 0 | M69: 0 | N69: =Q69 -> 2182.43 | O69: 0 | P69: 0 | Q69: =IF(F69<0,F69*-1,F69) -> 2182.43
A70: Aanvoer | B70: Kosten | C70: Productheffing Junami | D70: Heffingskst Junami | E70: 2012 | F70: 1785.62 | G70: 0 | H70: 0 | I70: 0 | J70: 0 | K70: 0 | L70: 0 | M70: 0 | N70: =Q70 -> 1785.62 | O70: 0 | P70: 0 | Q70: =IF(F70<0,F70*-1,F70) -> 1785.62
A71: Fust | B71: Balans | C71: Fust | D71: Fust m.m. Ingel. Aanvo. | E71: 2012 | F71: =-409.27+-3286.28+6528.6+165169.67+10442.83+3823.05+-15.4+16.59+-23.16+-5.84+-4.68 -> 182236.11 | Q71: =IF(F71<0,F71*-1,F71) -> 182236.11
A72: Kosten | B72: Balans | C72: Voorschot Junami | D72: Voorschot Junami | E72: 2012 | F72: 22575 | Q72: =IF(F72<0,F72*-1,F72) -> 22575
A73: Kosten | B73: Kosten | C73: Administratie | D73: Aanvoerboek | E73: 2012 | F73: 18.16 | G73: 0 | H73: ='Omzet&Prijs'!$C$23/SUM('Omzet&Prijs'!$C$17:$C$24)*$Q73 -> 0.032940086 | I73: ='Omzet&Prijs'!$C$18/SUM('Omzet&Prijs'!$C$17:$C$24)*$Q73 -> 8.7199023 | J73: ='Omzet&Prijs'!$C$19/SUM('Omzet&Prijs'!$C$17:$C$24)*$Q73 -> 1.8523667 | K73: 0 | L73: ='Omzet&Prijs'!$C$21/SUM('Omzet&Prijs'!$C$17:$C$24)*$Q73 -> 0.9401446 | M73: ='Omzet&Prijs'!$C$20/SUM('Omzet&Prijs'!$C$17:$C$24)*$Q73 -> 1.3183203 | N73: ='Omzet&Prijs'!$C$24/SUM('Omzet&Prijs'!$C$17:$C$24)*$Q73 -> 2.5856274 | O73: ='Omzet&Prijs'!$C$22/SUM('Omzet&Prijs'!$C$17:$C$24)*$Q73 -> 2.3095529 | P73: ='Omzet&Prijs'!$C$17/SUM('Omzet&Prijs'!$C$17:$C$24)*$Q73 -> 0.40114574 | Q73: =IF(F73<0,F73*-1,F73) -> 18.16
A74: Kosten | B74: Kosten | C74: Administratie | D74: Administratiekosten | E74: 2012 | F74: 57.63 | G74: 0 | H74: ='Omzet&Prijs'!$C$23/SUM('Omzet&Prijs'!$C$17:$C$24)*$Q74 -> 0.10453399 | I74: ='Omzet&Prijs'!$C$18/SUM('Omzet&Prijs'!$C$17:$C$24)*$Q74 -> 27.672245 | J74: ='Omzet&Prijs'!$C$19/SUM('Omzet&Prijs'!$C$17:$C$24)*$Q74 -> 5.8784082 | K74: 0 | L74: ='Omzet&Prijs'!$C$21/SUM('Omzet&Prijs'!$C$17:$C$24)*$Q74 -> 2.9835096 | M74: ='Omzet&Prijs'!$C$20/SUM('Omzet&Prijs'!$C$17:$C$24)*$Q74 -> 4.1836342 | N74: ='Omzet&Prijs'!$C$24/SUM('Omzet&Prijs'!$C$17:$C$24)*$Q74 -> 8.2053802 | O74: ='Omzet&Prijs'!$C$22/SUM('Omzet&Prijs'!$C$17:$C$24)*$Q74 -> 7.3292696 | P74: ='Omzet&Prijs'!$C$17/SUM('Omzet&Prijs'!$C$17:$C$24)*$Q74 -> 1.2730192 | Q74: =IF(F74<0,F74*-1,F74) -> 57.63
A75: Kosten | B75: Kosten | C75: Analyse | D75: Analysekosten | E75: 2012 | F75: 0 | G75: 0 | H75: ='Omzet&Prijs'!$C$23/SUM('Omzet&Prijs'!$C$17:$C$24)*$Q75 -> 0 | I75: ='Omzet&Prijs'!$C$18/SUM('Omzet&Prijs'!$C$17:$C$24)*$Q75 -> 0 | J75: ='Omzet&Prijs'!$C$19/SUM('Omzet&Prijs'!$C$17:$C$24)*$Q75 -> 0 | K75: 0 | L75: ='Omzet&Prijs'!$C$21/SUM('Omzet&Prijs'!$C$17:$C$24)*$Q75 -> 0 | M75: ='Omzet&Prijs'!$C$20/SUM('Omzet&Prijs'!$C$17:$C$24)*$Q75 -> 0 | N75: ='Omzet&Prijs'!$C$24/SUM('Omzet&Prijs'!$C$17:$C$24)*$Q75 -> 0 | O75: ='Omzet&Prijs'!$C$22/SUM('Omzet&Prijs'!$C$17:$C$24)*$Q75 -> 0 | P75: ='Omzet&Prijs'!$C$17/SUM('Omzet&Prijs'!$C$17:$C$24)*$Q75 -> 0 | Q75: =IF(F75<0,F75*-1,F75) -> 0
A76: Kosten | B76: Kosten | C76: Preventie | D76: Crisispreventie | E76: 2012 | F76: 1682.89 | G76: 0 | H76: ='Omzet&Prijs'!$C$23/SUM('Omzet&Prijs'!$C$17:$C$24)*$Q76 -> 3.0525629 | I76: ='Omzet&Prijs'!$C$18/SUM('Omzet&Prijs'!$C$17:$C$24)*$Q76 -> 808.07469 | J76: ='Omzet&Prijs'!$C$19/SUM('Omzet&Prijs'!$C$17:$C$24)*$Q76 -> 171.65911 | K76: 0 | L76: ='Omzet&Prijs'!$C$21/SUM('Omzet&Prijs'!$C$17:$C$24)*$Q76 -> 87.123345 | M76: ='Omzet&Prijs'!$C$20/SUM('Omzet&Prijs'!$C$17:$C$24)*$Q76 -> 122.16894 | N76: ='Omzet&Prijs'!$C$24/SUM('Omzet&Prijs'!$C$17:$C$24)*$Q76 -> 239.61049 | O76: ='Omzet&Prijs'!$C$22/SUM('Omzet&Prijs'!$C$17:$C$24)*$Q76 -> 214.02663 | P76: ='Omzet&Prijs'!$C$17/SUM('Omzet&Prijs'!$C$17:$C$24)*$Q76 -> 37.174238 | Q76: =IF(F76<0,F76*-1,F76) -> 1682.89
A77: Kosten | B77: Kosten | C77: Fust | D77: Fustbon | E77: 2012 | F77: 2.07 | G77: 0 | H77: ='Omzet&Prijs'!$C$23/SUM('Omzet&Prijs'!$C$17:$C$24)*$Q77 -> 0.0037547345 | I77: ='Omzet&Prijs'!$C$18/SUM('Omzet&Prijs'!$C$17:$C$24)*$Q77 -> 0.99395362 | J77: ='Omzet&Prijs'!$C$19/SUM('Omzet&Prijs'!$C$17:$C$24)*$Q77 -> 0.21114532 | K77: 0 | L77: ='Omzet&Prijs'!$C$21/SUM('Omzet&Prijs'!$C$17:$C$24)*$Q77 -> 0.10716406 | M77: ='Omzet&Prijs'!$C$20/SUM('Omzet&Prijs'!$C$17:$C$24)*$Q77 -> 0.15027109 | N77: ='Omzet&Prijs'!$C$24/SUM('Omzet&Prijs'!$C$17:$C$24)*$Q77 -> 0.29472735 | O77: ='Omzet&Prijs'!$C$22/SUM('Omzet&Prijs'!$C$17:$C$24)*$Q77 -> 0.26325851 | P77: ='Omzet&Prijs'!$C$17/SUM('Omzet&Prijs'!$C$17:$C$24)*$Q77 -> 0.045725313 | Q77: =IF(F77<0,F77*-1,F77) -> 2.07
A78: Kosten | B78: Kosten | C78: Koelen | D78: Koelloon | E78: 2012 | F78: =1054.69+13364.03 -> 14418.72 | G78: 0 | H78: ='Omzet&Prijs'!$C$23/(SUM('Omzet&Prijs'!$C$17:$C$24)-'Omzet&Prijs'!$C$22)*$Q78 -> 29.9647 | I78: ='Omzet&Prijs'!$C$18/(SUM('Omzet&Prijs'!$C$17:$C$24)-'Omzet&Prijs'!$C$22)*$Q78 -> 7932.2576 | J78: ='Omzet&Prijs'!$C$19/(SUM('Omzet&Prijs'!$C$17:$C$24)-'Omzet&Prijs'!$C$22)*$Q78 -> 1685.0475 | K78: 0 | L78: ='Omzet&Prijs'!$C$21/(SUM('Omzet&Prijs'!$C$17:$C$24)-'Omzet&Prijs'!$C$22)*$Q78 -> 855.22394 | M78: ='Omzet&Prijs'!$C$20/(SUM('Omzet&Prijs'!$C$17:$C$24)-'Omzet&Prijs'!$C$22)*$Q78 -> 1199.24 | N78: ='Omzet&Prijs'!$C$24/(SUM('Omzet&Prijs'!$C$17:$C$24)-'Omzet&Prijs'!$C$22)*$Q78 -> 2352.0748 | O78: 0 | P78: ='Omzet&Prijs'!$C$17/(SUM('Omzet&Prijs'!$C$17:$C$24)-'Omzet&Prijs'!$C$22)*$Q78 -> 364.91136 | Q78: =IF(F78<0,F78*-1,F78) -> 14418.72
A79: Kosten | B79: Kosten | C79: Algemeen Junami | D79: Kosten Junami | E79: 2012 | F79: -17060.38 | G79: 0 | H79: 0 | I79: 0 | J79: 0 | K79: 0 | L79: 0 | M79: 0 | N79: =Q79 -> 17060.38 | O79: 0 | P79: 0 | Q79: =IF(F79<0,F79*-1,F79) -> 17060.38
A80: Kosten | B80: Kosten | C80: Algemeen | D80: Onvoorziene kosten | E80: 2012 | F80: 0 | G80: 0 | H80: ='Omzet&Prijs'!$C$23/SUM('Omzet&Prijs'!$C$17:$C$24)*$Q80 -> 0 | I80: ='Omzet&Prijs'!$C$18/SUM('Omzet&Prijs'!$C$17:$C$24)*$Q80 -> 0 | J80: ='Omzet&Prijs'!$C$19/SUM('Omzet&Prijs'!$C$17:$C$24)*$Q80 -> 0 | K80: 0 | L80: ='Omzet&Prijs'!$C$21/SUM('Omzet&Prijs'!$C$17:$C$24)*$Q80 -> 0 | M80: ='Omzet&Prijs'!$C$20/SUM('Omzet&Prijs'!$C$17:$C$24)*$Q80 -> 0 | N80: ='Omzet&Prijs'!$C$24/SUM('Omzet&Prijs'!$C$17:$C$24)*$Q80 -> 0 | O80: ='Omzet&Prijs'!$C$22/SUM('Omzet&Prijs'!$C$17:$C$24)*$Q80 -> 0 | P80: ='Omzet&Prijs'!$C$17/SUM('Omzet&Prijs'!$C$17:$C$24)*$Q80 -> 0 | Q80: =IF(F80<0,F80*-1,F80) -> 0
A81: Kosten | B81: Opbrengsten | C81: Bonus | D81: Resultaatbonus | E81: 2012 | F81: -2250.91 | Q81: =IF(F81<0,F81*-1,F81) -> 2250.91
A82: Kosten | B82: Kosten | C82: Sorteren | D82: Sorteerkosten | E82: 2012 | F82: =21408.65+2077.6 -> 23486.25 | G82: 0 | H82: ='Omzet&Prijs'!$C$23/(SUM('Omzet&Prijs'!$C$17:$C$24)-'Omzet&Prijs'!$C$22)*$Q82 -> 48.808662 | I82: ='Omzet&Prijs'!$C$18/(SUM('Omzet&Prijs'!$C$17:$C$24)-'Omzet&Prijs'!$C$22)*$Q82 -> 12920.633 | J82: ='Omzet&Prijs'!$C$19/(SUM('Omzet&Prijs'!$C$17:$C$24)-'Omzet&Prijs'!$C$22)*$Q82 -> 2744.7268 | K82: 0 | L82: ='Omzet&Prijs'!$C$21/(SUM('Omzet&Prijs'!$C$17:$C$24)-'Omzet&Prijs'!$C$22)*$Q82 -> 1393.0504 | M82: ='Omzet&Prijs'!$C$20/(SUM('Omzet&Prijs'!$C$17:$C$24)-'Omzet&Prijs'!$C$22)*$Q82 -> 1953.4086 | N82: ='Omzet&Prijs'!$C$24/(SUM('Omzet&Prijs'!$C$17:$C$24)-'Omzet&Prijs'!$C$22)*$Q82 -> 3831.2289 | O82: 0 | P82: ='Omzet&Prijs'!$C$17/(SUM('Omzet&Prijs'!$C$17:$C$24)-'Omzet&Prijs'!$C$22)*$Q82 -> 594.39391 | Q82: =IF(F82<0,F82*-1,F82) -> 23486.25
A83: Kosten | B83: Balans | C83: Etiketteren | D83: Stikkeren | E83: 2012 | F83: 0 | Q83: =IF(F83<0,F83*-1,F83) -> 0
A84: Kosten | B84: Kosten | C84: Algemeen | D84: Touw/diverse | E84: 2012 | F84: =32.25 -> 32.25 | G84: 0 | H84: ='Omzet&Prijs'!$C$23/SUM('Omzet&Prijs'!$C$17:$C$24)*$Q84 -> 0.058497676 | I84: ='Omzet&Prijs'!$C$18/SUM('Omzet&Prijs'!$C$17:$C$24)*$Q84 -> 15.485509 | J84: ='Omzet&Prijs'!$C$19/SUM('Omzet&Prijs'!$C$17:$C$24)*$Q84 -> 3.2895829 | K84: 0 | L84: ='Omzet&Prijs'!$C$21/SUM('Omzet&Prijs'!$C$17:$C$24)*$Q84 -> 1.669585 | M84: ='Omzet&Prijs'!$C$20/SUM('Omzet&Prijs'!$C$17:$C$24)*$Q84 -> 2.34118 | N84: ='Omzet&Prijs'!$C$24/SUM('Omzet&Prijs'!$C$17:$C$24)*$Q84 -> 4.5917667 | O84: ='Omzet&Prijs'!$C$22/SUM('Omzet&Prijs'!$C$17:$C$24)*$Q84 -> 4.1014913 | P84: ='Omzet&Prijs'!$C$17/SUM('Omzet&Prijs'!$C$17:$C$24)*$Q84 -> 0.71238712 | Q84: =IF(F84<0,F84*-1,F84) -> 32.25
A85: Kosten | B85: Kosten | C85: Zorgsystemen | D85: Zorgsystemen | E85: 2012 | F85: 150 | G85: 0 | H85: ='Omzet&Prijs'!$C$23/SUM('Omzet&Prijs'!$C$17:$C$24)*$Q85 -> 0.27208221 | I85: ='Omzet&Prijs'!$C$18/SUM('Omzet&Prijs'!$C$17:$C$24)*$Q85 -> 72.025625 | J85: ='Omzet&Prijs'!$C$19/SUM('Omzet&Prijs'!$C$17:$C$24)*$Q85 -> 15.300386 | K85: 0 | L85: ='Omzet&Prijs'!$C$21/SUM('Omzet&Prijs'!$C$17:$C$24)*$Q85 -> 7.7655116 | M85: ='Omzet&Prijs'!$C$20/SUM('Omzet&Prijs'!$C$17:$C$24)*$Q85 -> 10.889209 | N85: ='Omzet&Prijs'!$C$24/SUM('Omzet&Prijs'!$C$17:$C$24)*$Q85 -> 21.357054 | O85: ='Omzet&Prijs'!$C$22/SUM('Omzet&Prijs'!$C$17:$C$24)*$Q85 -> 19.076704 | P85: ='Omzet&Prijs'!$C$17/SUM('Omzet&Prijs'!$C$17:$C$24)*$Q85 -> 3.3134285 | Q85: =IF(F85<0,F85*-1,F85) -> 150
A86: Kosten | B86: Balans | C86: BTW | D86: BTW | E86: 2012 | F86: =152.97+39.88+247.4+180.02-12781.24 -> -12160.97 | Q86: =IF(F86<0,F86*-1,F86) -> 12160.97
A87: Kosten | B87: Kosten | C87: Vracht | D87: vrachtkosten | E87: 2012 | F87: 5118.57 | G87: 0 | H87: ='Omzet&Prijs'!$C$23/SUM('Omzet&Prijs'!$C$17:$C$24)*$Q87 -> 9.284479 | I87: ='Omzet&Prijs'!$C$18/SUM('Omzet&Prijs'!$C$17:$C$24)*$Q87 -> 2457.788 | J87: ='Omzet&Prijs'!$C$19/SUM('Omzet&Prijs'!$C$17:$C$24)*$Q87 -> 522.1073 | K87: 0 | L87: ='Omzet&Prijs'!$C$21/SUM('Omzet&Prijs'!$C$17:$C$24)*$Q87 -> 264.98876 | M87: ='Omzet&Prijs'!$C$20/SUM('Omzet&Prijs'!$C$17:$C$24)*$Q87 -> 371.5812 | N87: ='Omzet&Prijs'!$C$24/SUM('Omzet&Prijs'!$C$17:$C$24)*$Q87 -> 728.78385 | O87: ='Omzet&Prijs'!$C$22/SUM('Omzet&Prijs'!$C$17:$C$24)*$Q87 -> 650.96963 | P87: ='Omzet&Prijs'!$C$17/SUM('Omzet&Prijs'!$C$17:$C$24)*$Q87 -> 113.06677 | Q87: =IF(F87<0,F87*-1,F87) -> 5118.57
A88: Kosten | B88: Kosten | C88: Algemeen | D88: contributie leden | E88: 2012 | F88: 100 | G88: 0 | H88: ='Omzet&Prijs'!$C$23/SUM('Omzet&Prijs'!$C$17:$C$24)*$Q88 -> 0.18138814 | I88: ='Omzet&Prijs'!$C$18/SUM('Omzet&Prijs'!$C$17:$C$24)*$Q88 -> 48.017083 | J88: ='Omzet&Prijs'!$C$19/SUM('Omzet&Prijs'!$C$17:$C$24)*$Q88 -> 10.200257 | K88: 0 | L88: ='Omzet&Prijs'!$C$21/SUM('Omzet&Prijs'!$C$17:$C$24)*$Q88 -> 5.1770077 | M88: ='Omzet&Prijs'!$C$20/SUM('Omzet&Prijs'!$C$17:$C$24)*$Q88 -> 7.2594728 | N88: ='Omzet&Prijs'!$C$24/SUM('Omzet&Prijs'!$C$17:$C$24)*$Q88 -> 14.238036 | O88: ='Omzet&Prijs'!$C$22/SUM('Omzet&Prijs'!$C$17:$C$24)*$Q88 -> 12.717803 | P88: ='Omzet&Prijs'!$C$17/SUM('Omzet&Prijs'!$C$17:$C$24)*$Q88 -> 2.2089523 | Q88: =IF(F88<0,F88*-1,F88) -> 100
A89: Kosten | B89: Kosten | C89: Smart Fresh | D89: kst smart fresh | E89: 2012 | F89: 659.72 | G89: 0 | H89: ='Omzet&Prijs'!$C$23/SUM('Omzet&Prijs'!$C$17:$C$24)*$Q89 -> 1.1966538 | I89: ='Omzet&Prijs'!$C$18/SUM('Omzet&Prijs'!$C$17:$C$24)*$Q89 -> 316.7783 | J89: ='Omzet&Prijs'!$C$19/SUM('Omzet&Prijs'!$C$17:$C$24)*$Q89 -> 67.293137 | K89: 0 | L89: ='Omzet&Prijs'!$C$21/SUM('Omzet&Prijs'!$C$17:$C$24)*$Q89 -> 34.153755 | M89: ='Omzet&Prijs'!$C$20/SUM('Omzet&Prijs'!$C$17:$C$24)*$Q89 -> 47.892194 | N89: ='Omzet&Prijs'!$C$24/SUM('Omzet&Prijs'!$C$17:$C$24)*$Q89 -> 93.931172 | O89: ='Omzet&Prijs'!$C$22/SUM('Omzet&Prijs'!$C$17:$C$24)*$Q89 -> 83.901887 | P89: ='Omzet&Prijs'!$C$17/SUM('Omzet&Prijs'!$C$17:$C$24)*$Q89 -> 14.5729 | Q89: =IF(F89<0,F89*-1,F89) -> 659.72
A90: Aanvoer | B90: Balans | C90: Algemeen Junami | D90: verkoopmarge junami | E90: 2012 | F90: 396.79 | Q90: =IF(F90<0,F90*-1,F90) -> 396.79
A91: Aanvoer | B91: Opbrengsten | C91: Omzet | D91: Productomzet | E91: 2013 | F91: -237971.49 | Q91: =IF(F91<0,F91*-1,F91) -> 237971.49
A92: Aanvoer | B92: Balans | C92: Fust | D92: Fust eenmalig | E92: 2013 | F92: -2373.49 | Q92: =IF(F92<0,F92*-1,F92) -> 2373.49
A93: Aanvoer | B93: Balans | C93: Fust | D93: Fust meermalig | E93: 2013 | F93: -85137.36 | Q93: =IF(F93<0,F93*-1,F93) -> 85137.36
A94: Aanvoer | B94: Balans | C94: Fust | D94: Fust huur terugbet. | E94: 2013 | F94: -4120.09 | Q94: =IF(F94<0,F94*-1,F94) -> 4120.09
A95: Aanvoer | B95: Balans | C95: Verpakking | D95: Verpakkingskosten | E95: 2013 | F95: -492.76 | Q95: =IF(F95<0,F95*-1,F95) -> 492.76
A96: Aanvoer | B96: Balans | C96: Pallet | D96: Pallet eenmalig | E96: 2013 | F96: -715.33 | Q96: =IF(F96<0,F96*-1,F96) -> 715.33
A97: Aanvoer | B97: Balans | C97: Pallet | D97: Pallet meermalig | E97: 2013 | F97: -2245.65 | Q97: =IF(F97<0,F97*-1,F97) -> 2245.65
A98: Aanvoer | B98: Kosten | C98: Productheffing | D98: Productheffing | E98: 2013 | F98: 1655.6 | G98: 0 | H98: 0 | I98: ='Omzet&Prijs'!$C$26/SUM('Omzet&Prijs'!$C$25:$C$30)*$Q98 -> 485.25668 | J98: ='Omzet&Prijs'!$C$27/SUM('Omzet&Prijs'!$C$25:$C$30)*$Q98 -> 223.51111 | K98: 0 | L98: ='Omzet&Prijs'!$C$28/SUM('Omzet&Prijs'!$C$25:$C$30)*$Q98 -> 383.75627 | M98: 0 | N98: ='Omzet&Prijs'!$C$30/SUM('Omzet&Prijs'!$C$25:$C$30)*$Q98 -> 200.33578 | O98: ='Omzet&Prijs'!$C$29/SUM('Omzet&Prijs'!$C$25:$C$30)*$Q98 -> 283.02701 | P98: ='Omzet&Prijs'!$C$25/SUM('Omzet&Prijs'!$C$25:$C$30)*$Q98 -> 79.713159 | Q98: =IF(F98<0,F98*-1,F98) -> 1655.6
A99: Aanvoer | B99: Kosten | C99: Provisie | D99: Provisie lid | E99: 2013 | F99: =4537.87+4764.72+332.41 -> 9635 | G99: 0 | H99: 0 | I99: ='Omzet&Prijs'!$C$26/SUM('Omzet&Prijs'!$C$25:$C$30)*$Q99 -> 2824.0204 | J99: ='Omzet&Prijs'!$C$27/SUM('Omzet&Prijs'!$C$25:$C$30)*$Q99 -> 1300.7548 | K99: 0 | L99: ='Omzet&Prijs'!$C$28/SUM('Omzet&Prijs'!$C$25:$C$30)*$Q99 -> 2233.3242 | M99: 0 | N99: ='Omzet&Prijs'!$C$30/SUM('Omzet&Prijs'!$C$25:$C$30)*$Q99 -> 1165.8826 | O99: ='Omzet&Prijs'!$C$29/SUM('Omzet&Prijs'!$C$25:$C$30)*$Q99 -> 1647.116 | P99: ='Omzet&Prijs'!$C$25/SUM('Omzet&Prijs'!$C$25:$C$30)*$Q99 -> 463.90208 | Q99: =IF(F99<0,F99*-1,F99) -> 9635
A100: Aanvoer | B100: Kosten | C100: Royalty Junami | D100: Royaltykst Junami | E100: 2013 | F100: 579.85 | G100: 0 | H100: 0 | I100: 0 | J100: 0 | K100: 0 | L100: 0 | M100: 0 | N100: =Q100 -> 579.85 | O100: 0 | P100: 0 | Q100: =IF(F100<0,F100*-1,F100) -> 579.85
...

Sheet Omzet&Prijs
A1: Boekjaar | B1: Ras | C1: Hoeveelheid (kg) | D1: Omzet | E1: Prijs per kg.
A2: 2010 | B2: Milwa | C2: 6709 | D2: 1582.415 | E2: =D2/C2 -> 0.23586451 | G2: Het ras Milwa is de 2de klasse van Junami hoort dus bij Junami.
A3: 2010 | B3: Elstar | C3: 196224 | D3: 82199.9 | E3: =D3/C3 -> 0.41890849 | G3: Het ras jonagored is jonagold
A4: 2010 | B4: Golden | C4: 53065 | D4: 17030.827 | E4: =D4/C4 -> 0.32094275
A5: 2010 | B5: Jonagored | C5: 83067 | D5: 29570.305 | E5: =D5/C5 -> 0.35598138
A6: 2010 | B6: Jonagold | C6: 4100 | D6: 1633.8 | E6: =D6/C6 -> 0.3984878
A7: 2010 | B7: kroet/industrie appels | C7: 66385.3 | D7: 6496.519 | E7: =D7/C7 -> 0.097860807
A8: 2010 | B8: Junami | C8: 60627 | D8: 53264.018 | E8: =D8/C8 -> 0.87855276
A9: 2011 | B9: Milwa | C9: 7222.5 | D9: 2976.425 | E9: =D9/C9 -> 0.41210453
A10: 2011 | B10: Elstar | C10: 71767 | D10: 39141.241 | E10: =D10/C10 -> 0.5453933
A11: 2011 | B11: Golden | C11: 40600 | D11: 20415.366 | E11: =D11/C11 -> 0.50284153
A12: 2011 | B12: Jonagored | C12: 56868 | D12: 28508.649 | E12: =D12/C12 -> 0.50131267
A13: 2011 | B13: Jonagold | C13: 13097.5 | D13: 2451.4 | E13: =D13/C13 -> 0.18716549
A14: 2011 | B14: kroet/industrie appels | C14: 80368 | D14: 13457.964 | E14: =D14/C14 -> 0.16745426
A15: 2011 | B15: Delcorf | C15: 275 | D15: 173.25 | E15: =D15/C15 -> 0.63
... A57: 2017 | B57: kroet/industrie appels | C57: 61636 | D57: 9365.036 | E57: =D57/C57 -> 0.15194101

Sheet Loonkosten
A1: Omschrijving | B1: Boekjaar | C1: Loonkosten
A2: brutoloon | B2: 2010 | C2: 13585
A3: vergoeding premie ZVW | B3: 2010 | C3: 942
A4: sociale lasten | B4: 2010 | C4: 650
A5: brutoloon | B5: 2011 | C5: 34086
A6: vergoeding premie ZVW | B6: 2011 | C6: 2609
A7: sociale lasten | B7: 2011 | C7: 2634
A8: brutoloon | B8: 2012 | C8: 22567
A9: vergoeding premie ZVW | B9: 2012 | C9: 1593
A10: sociale lasten | B10: 2012 | C10: 899
A11: brutoloon | B11: 2013 | C11: 27781
A12: vergoeding premie ZVW | B12: 2013 | C12: 2160
A13: sociale lasten | B13: 2013 | C13: 2415
... A22: sociale lasten | B22: 2016 | C22: 3909

Sheet Rassen
A1: Ras
A2: Breaburn
A3: Delcorf
A4: Elstar
A5: Golden
A6: Joly-Red
A7: Jonagold
A8: Jonagored
A9: Junami
A10: kroet/industrie appels
A11: Milwa
